,correct,total,accuracy,loss,correct_labels.ALBATROSS,correct_labels.BALD EAGLE,correct_labels.BARN OWL,correct_labels.EURASIAN MAGPIE,correct_labels.FLAMINGO,correct_labels.MALLARD DUCK,correct_labels.OSTRICH,correct_labels.PEACOCK,correct_labels.PELICAN,correct_labels.TRUMPTER SWAN,total_labels.ALBATROSS,total_labels.BALD EAGLE,total_labels.BARN OWL,total_labels.EURASIAN MAGPIE,total_labels.FLAMINGO,total_labels.MALLARD DUCK,total_labels.OSTRICH,total_labels.PEACOCK,total_labels.PELICAN,total_labels.TRUMPTER SWAN,label_accuracy.ALBATROSS,label_accuracy.BALD EAGLE,label_accuracy.BARN OWL,label_accuracy.EURASIAN MAGPIE,label_accuracy.FLAMINGO,label_accuracy.MALLARD DUCK,label_accuracy.OSTRICH,label_accuracy.PEACOCK,label_accuracy.PELICAN,label_accuracy.TRUMPTER SWAN
0,278,292,0.952054794520548,0.18908900997205957,23,35,22,26,32,27,23,37,21,32,27,36,22,26,32,31,23,37,25,33,0.8518518518518519,0.9722222222222222,1.0,1.0,1.0,0.8709677419354839,1.0,1.0,0.84,0.9696969696969697
1,281,292,0.9623287671232876,0.14009102964646195,26,43,19,27,26,32,23,33,27,25,27,44,20,29,26,32,23,34,31,26,0.9629629629629629,0.9772727272727273,0.95,0.9310344827586207,1.0,1.0,1.0,0.9705882352941176,0.8709677419354839,0.9615384615384616
2,282,292,0.9657534246575342,0.12388845602343854,30,33,26,37,22,27,27,27,24,29,31,33,26,38,22,29,28,27,27,31,0.967741935483871,1.0,1.0,0.9736842105263158,1.0,0.9310344827586207,0.9642857142857143,1.0,0.8888888888888888,0.9354838709677419
3,288,292,0.9863013698630136,0.08307058391901218,22,32,31,33,28,31,25,32,17,37,22,32,31,34,28,32,26,32,18,37,1.0,1.0,1.0,0.9705882352941176,1.0,0.96875,0.9615384615384616,1.0,0.9444444444444444,1.0
4,281,292,0.9623287671232876,0.20209667372376952,23,32,33,33,32,19,27,23,23,36,23,32,33,36,32,21,27,23,28,37,1.0,1.0,1.0,0.9166666666666666,1.0,0.9047619047619048,1.0,1.0,0.8214285714285714,0.972972972972973
