,correct,total,accuracy,loss,correct_labels.ALBATROSS,correct_labels.BALD EAGLE,correct_labels.BARN OWL,correct_labels.EURASIAN MAGPIE,correct_labels.FLAMINGO,correct_labels.MALLARD DUCK,correct_labels.OSTRICH,correct_labels.PEACOCK,correct_labels.PELICAN,correct_labels.TRUMPTER SWAN,total_labels.ALBATROSS,total_labels.BALD EAGLE,total_labels.BARN OWL,total_labels.EURASIAN MAGPIE,total_labels.FLAMINGO,total_labels.MALLARD DUCK,total_labels.OSTRICH,total_labels.PEACOCK,total_labels.PELICAN,total_labels.TRUMPTER SWAN,label_accuracy.ALBATROSS,label_accuracy.BALD EAGLE,label_accuracy.BARN OWL,label_accuracy.EURASIAN MAGPIE,label_accuracy.FLAMINGO,label_accuracy.MALLARD DUCK,label_accuracy.OSTRICH,label_accuracy.PEACOCK,label_accuracy.PELICAN,label_accuracy.TRUMPTER SWAN
0,215,292,0.7363013698630136,1.1768746571998074,15,33,22,24,17,21,18,34,7,24,29,45,27,30,23,24,26,38,20,30,0.5172413793103449,0.7333333333333333,0.8148148148148148,0.8,0.7391304347826086,0.875,0.6923076923076923,0.8947368421052632,0.35,0.8
1,206,292,0.7054794520547946,1.5046706656887108,19,29,15,29,17,18,22,27,7,23,28,34,24,35,22,28,30,31,22,38,0.6785714285714286,0.8529411764705882,0.625,0.8285714285714286,0.7727272727272727,0.6428571428571429,0.7333333333333333,0.8709677419354839,0.3181818181818182,0.6052631578947368
2,196,292,0.6712328767123288,1.5141913515247711,12,27,14,26,29,17,16,31,9,15,24,42,19,38,35,26,20,40,22,26,0.5,0.6428571428571429,0.7368421052631579,0.6842105263157895,0.8285714285714286,0.6538461538461539,0.8,0.775,0.4090909090909091,0.5769230769230769
