,correct,total,accuracy,loss,correct_labels.ALBATROSS,correct_labels.BALD EAGLE,correct_labels.BARN OWL,correct_labels.EURASIAN MAGPIE,correct_labels.FLAMINGO,correct_labels.MALLARD DUCK,correct_labels.OSTRICH,correct_labels.PEACOCK,correct_labels.PELICAN,correct_labels.TRUMPTER SWAN,total_labels.ALBATROSS,total_labels.BALD EAGLE,total_labels.BARN OWL,total_labels.EURASIAN MAGPIE,total_labels.FLAMINGO,total_labels.MALLARD DUCK,total_labels.OSTRICH,total_labels.PEACOCK,total_labels.PELICAN,total_labels.TRUMPTER SWAN,label_accuracy.ALBATROSS,label_accuracy.BALD EAGLE,label_accuracy.BARN OWL,label_accuracy.EURASIAN MAGPIE,label_accuracy.FLAMINGO,label_accuracy.MALLARD DUCK,label_accuracy.OSTRICH,label_accuracy.PEACOCK,label_accuracy.PELICAN,label_accuracy.TRUMPTER SWAN
0,211,292,0.7226027397260274,1.6483167935392424,17,26,17,29,22,19,19,36,8,18,28,33,26,38,29,27,22,45,16,28,0.6071428571428571,0.7878787878787878,0.6538461538461539,0.7631578947368421,0.7586206896551724,0.7037037037037037,0.8636363636363636,0.8,0.5,0.6428571428571429
1,191,292,0.6541095890410958,1.634927494987233,8,25,19,17,14,20,23,26,19,20,24,40,22,28,26,34,25,30,35,28,0.3333333333333333,0.625,0.8636363636363636,0.6071428571428571,0.5384615384615384,0.5882352941176471,0.92,0.8666666666666667,0.5428571428571428,0.7142857142857143
2,205,292,0.702054794520548,1.4828458224257377,15,26,22,18,20,23,18,29,10,24,32,35,28,25,25,34,24,32,23,34,0.46875,0.7428571428571429,0.7857142857142857,0.72,0.8,0.6764705882352942,0.75,0.90625,0.43478260869565216,0.7058823529411765
